username,email
alex_smith ,alex.smith.temp@tempmail.com
sara,saratemp@gmail.com
lara,laratemp@gmail.com
jon,jontemp@gmail.com
don,dontemp@gmail.com
ron,rontemp@gmail.com
jack,jacktemp@gmail.com
deck,decktemp@gmail.com
lack,lacktemp@gmail.com